date,strategy,var1,var2,var3,var4
1/25/2011,C,12375.23718,1707.481134,5.750718054,1.31538295
5/7/2010,B,7982.275099,331.881463,5.366168401,1.032285768
12/26/2010,C,8786.485868,6998.835964,5.189509031,0.681395306
6/28/2011,C,9703.536468,3692.907194,9.167815728,1.220821079
11/21/2010,D,6994.323937,2.305282409,10.10614507,2.922188225
9/29/2011,C,6738.262366,7378.324345,6.806811939,36.3483148
5/9/2010,B,7045.782778,16122.81306,14.29713154,0.81689274
11/21/2011,A,12659.27598,2664371.936,15.07668786,33.11297106
12/4/2010,B,10653.35533,30.04457749,8.223692373,10.38546359
10/21/2011,B,9921.217682,12.59478056,13.23616176,0.072712845
6/20/2010,C,11051.95258,1662.830621,21.54340748,0.131943057
9/7/2010,C,11589.38161,24.01586707,7.717001727,1.774083524
10/19/2011,A,8568.980705,2703.834302,10.05774421,4.248228203
8/8/2010,B,9606.201869,226.2244469,11.44883423,0.17545203
4/26/2011,B,8814.671418,13405.82491,10.98148832,1.114557352
7/27/2011,A,10489.9354,51.02985769,12.3636156,5.011934674
11/23/2011,C,10857.1168,119.018322,11.34824211,0.530906385
1/2/2010,B,13645.18856,34.24727857,5.417636879,0.786964613
3/27/2011,B,11022.7546,4458.175029,13.95974982,0.031211546
11/14/2010,B,9562.142619,1779.974371,8.059680529,7.204013678
2/11/2010,D,10456.30326,92604.90028,7.278224054,0.54339567
7/14/2010,B,10894.65343,1303.806179,7.137593305,6.800898731
9/18/2011,C,10123.33551,5446.389164,8.16718469,0.369250272
1/15/2011,C,7516.253227,6352.296474,2.511776703,0.676971552
3/30/2010,D,11784.52846,21698.3678,6.35810035,76.90094815
12/5/2011,A,12061.23339,202.1844694,13.91227974,1.134463191
5/11/2011,A,12906.76192,1.840161253,12.08632039,0.435283612
7/24/2010,A,11050.3775,24.19105399,10.01478944,0.112343095
7/31/2011,C,7197.095959,495.9218177,11.60220671,0.150618725
12/23/2011,D,10079.12692,0.789698617,9.816732931,0.679298466
1/31/2010,C,10076.50233,4580.511727,9.483206076,3.257182645
2/22/2011,C,11811.23366,68153.72281,8.509097582,5.32902502
8/17/2011,C,11521.86265,7773.889083,12.02763634,0.25840317
1/5/2010,A,7556.368052,18.45847798,11.67299085,15.70632242
3/9/2011,C,12730.05457,3.676851083,9.583957706,0.040679847
10/7/2011,A,10545.25105,6.883429423,11.21208504,0.022726944
3/19/2010,D,11872.95787,14362.81247,6.747371012,3.857221455
8/31/2011,A,9677.852423,75.43590098,6.645441395,73.53727549
3/13/2010,C,11459.98478,8.492078377,12.69375195,0.04095408
4/5/2010,C,11187.97547,517.6160104,7.751857445,0.319174169
9/7/2011,B,7970.049784,557.1115569,10.18878346,5.100602083
11/17/2011,C,11108.54798,17107.26648,13.08588938,3.146526881
2/4/2010,C,9731.983197,322890.2757,5.506388631,0.142793797
11/9/2011,C,5899.296754,1325.900357,11.73452606,0.008067039
5/29/2010,C,9293.355898,0.281565148,12.8267667,7.425688566
10/13/2011,C,11155.9876,318.4426945,16.57364279,0.447081656
2/20/2010,A,9452.772901,8588.476513,18.21823571,0.730126135
6/18/2011,A,8258.717327,16233.41724,8.173448424,0.898959919
12/28/2011,A,8582.100196,157782.0893,9.901445242,3.217878945
11/13/2010,A,10877.9372,707.6137825,8.101650041,2.472043844
12/10/2011,B,10799.48361,7.116427431,17.80270793,2.457878963
5/15/2010,A,8615.726834,190.6803216,12.29957599,0.080339996
12/11/2010,B,10010.57357,68.4535038,9.955496101,10.72994572
4/11/2010,B,5601.094205,1120.58975,15.17231965,0.78618653
7/10/2010,D,7491.549203,6.714482853,8.823739709,39.43970677
2/1/2011,D,12176.88854,327.5531837,11.48357208,1.006314041
7/26/2010,D,11094.75825,3.232499436,9.657205384,2.971733923
1/13/2011,A,9586.331402,1761.230343,8.542855224,5.167497741
1/28/2010,A,10927.49556,21.30358119,7.233659621,0.029047734
12/9/2010,D,10661.49293,1552.710555,12.75300284,0.998516457
5/21/2010,D,8963.078612,5681.65736,12.34994876,39.60876041
3/7/2011,A,11935.544,256.5108199,14.65566227,4.814804944
11/18/2011,A,13565.43337,18.07639939,8.24410561,7.043345975
11/13/2011,A,10258.84969,27088.46454,9.573871909,27.83105862
12/22/2011,C,10762.16365,28.52743715,10.04962687,0.218795096
3/27/2010,A,8828.002691,0.852443419,4.242827122,0.415797736
11/20/2010,B,10201.54462,13000.8951,12.45373699,16.28283336
9/11/2010,C,10668.04904,22070.6905,6.07135158,1.095995567
8/18/2010,C,8612.257503,533.8036487,9.866772552,4.860651549
9/25/2011,B,9396.515008,490.1231046,10.17345561,41.87308759
6/27/2011,B,9833.412306,232.480517,10.38259904,0.508643602
11/19/2011,C,9337.793325,191038.5128,14.30270697,0.08062478
5/17/2011,C,9483.057381,81.96017767,10.73573199,0.017964558
7/17/2011,B,10192.01087,5665.245719,11.08418773,0.085493069
5/12/2010,D,6271.473894,385.9459494,10.30294437,0.879083464
5/10/2010,A,11847.27227,2538.88325,12.50919932,0.050973996
12/15/2011,B,10085.86818,39.87752801,6.662508341,0.177002815
2/5/2011,D,9058.605124,3253.938449,12.50440951,11.63164226
4/26/2010,D,11048.54555,9707.600563,11.76026354,0.735847735
8/25/2011,C,10499.43202,213.7853301,12.03900968,34.33814576
8/16/2010,A,10716.65212,4803.648882,7.188520769,0.062622182
4/15/2010,C,12245.89033,744.8055824,13.18733921,0.87369429
10/6/2010,B,10399.26086,226.8562767,11.77810266,0.588129789
8/10/2010,B,12598.16899,780.0287711,9.477337673,18.18533129
8/14/2011,C,8978.206421,38.2787387,6.478152781,36.87273979
11/12/2011,C,8950.050393,2625.673451,8.90596469,25.96880717
8/15/2011,D,9382.854879,0.369198309,4.548689879,0.31700591
4/13/2010,C,10652.41944,82.235982,4.854873145,6.880109629
10/14/2011,C,10721.9362,2279.494393,11.97357589,10.56249337
6/8/2011,D,9034.74419,10232.32382,7.862379589,10.34290555
3/14/2011,A,10285.24899,6.532158347,9.64257082,1.573580616
11/26/2011,D,10216.36914,4308.031662,12.6674785,2.172782913
7/11/2011,D,10823.30054,526.7595423,16.85050508,10.67754612
12/21/2010,A,7396.362498,3.598727087,16.99625935,0.048716479
8/12/2010,C,13369.465,105.7296308,8.732254308,0.129834659
2/2/2011,D,9812.194448,13.37376011,7.88203013,0.47771659
12/18/2011,A,8746.041486,307.9221916,7.425061045,0.411877761
9/3/2011,B,11385.99769,2.015835471,6.48614751,0.361711712
3/3/2011,C,9292.426674,1647.189677,9.449610786,0.021729779
9/23/2010,A,9257.569624,151282.4546,12.90186324,0.475163707
11/25/2010,D,8567.373135,10211.40314,13.05001371,0.639553365
8/30/2011,B,8060.956191,699.6277802,6.848408455,0.249140105
3/8/2010,A,11241.02718,661917.9338,15.94154662,0.72200226
7/2/2010,C,14343.58767,41.05192983,13.34853531,0.075777378
1/7/2011,D,8414.772644,97.78397903,12.28338038,0.883110514
8/3/2010,D,11128.35965,8942.801243,6.938124639,0.04489179
10/24/2011,B,8497.558796,262.3574368,6.294003644,0.693609199
12/9/2011,B,13088.11154,19.28436539,9.555988632,16.53006494
11/4/2010,C,11517.75228,897292.0021,11.80400875,0.849521743
10/28/2010,A,10648.52707,3.433412594,10.15219991,0.015560044
2/19/2010,B,8207.072919,5668.273552,13.36104233,0.057626193
7/20/2011,A,8963.075513,61.02215529,7.478759834,2.251084337
2/14/2010,B,12319.69244,505.1769258,6.30764856,0.570322459
9/8/2010,B,7087.732154,2.462398844,10.45935979,0.845715128
9/21/2010,D,7858.842522,2234.464415,7.323530311,122.6298532
8/22/2010,D,10424.17689,854.2615213,12.52121706,8.006632375
12/24/2010,C,9707.527017,211.0989341,11.80536988,5.287334964
2/23/2011,D,8161.99332,591.9272328,9.974845398,47.32565632
8/4/2010,B,12958.73938,41.40554749,4.363984077,1.443833273
6/12/2011,C,7724.15557,26.80726613,8.277965875,6.620501461
2/4/2011,A,10127.93437,34.226314,13.09583758,0.097053342
6/7/2010,C,10186.34123,11724.22695,13.33316543,0.383564306
6/2/2011,C,14524.34709,1248.645908,12.68814428,23.01026645
9/3/2010,C,7932.878252,31182.70764,9.450131911,0.572085393
10/4/2011,B,9029.886614,9.11987268,16.65283594,0.261755787
9/25/2010,C,9849.344853,615075.4353,12.06278534,204.3909606
7/21/2010,A,12217.74137,60.09921905,15.01157224,0.171438666
3/30/2011,A,10218.68325,4.548020292,13.25312504,10.36791094
9/15/2010,C,10038.19054,2.232219797,4.121480268,2.045927044
2/28/2010,B,9300.466259,2265.261082,13.35146717,7.249751482
4/25/2010,B,12021.59278,7.134438227,8.151432103,0.36477869
10/3/2011,C,10258.06988,6161.612009,9.131047082,0.276860399
1/6/2010,B,11263.0653,7613.862818,9.058257736,1.587145728
11/10/2011,C,8753.868253,378407.4301,8.464696318,0.221175811
5/5/2011,D,9854.850434,145.2064612,14.21908406,0.034391425
4/11/2011,D,11844.28263,1264.625575,11.46613135,0.212363824
10/16/2011,D,8396.547928,0.928988038,10.24950109,1.346302763
4/2/2011,C,11317.22375,5.442567962,9.759089446,9.438567982
3/19/2011,B,7663.872585,5672.149421,15.90597007,61.673492
8/26/2011,D,14007.33119,310.1126437,9.433603992,4.677912267
1/23/2010,A,9894.972166,56.19602108,9.283585302,2.103098554
1/9/2011,B,10986.53125,831.0959352,8.368142305,62.89855795
1/5/2011,C,10438.26212,266.0888231,7.471012871,5.545342355
12/3/2010,C,10427.57483,134.6486652,12.91715382,30.70275257
12/31/2011,D,12006.86529,29184.39268,5.940252981,0.133112286
4/7/2011,A,6814.498381,68.64249395,9.367218397,0.650886487
5/19/2010,C,11239.45435,156.9837478,10.52419242,0.600183092
7/6/2011,A,7094.811194,4.244409767,11.51976938,0.015424226
7/16/2011,C,12577.68002,86.60933685,11.32930642,0.918750335
12/26/2011,B,8778.548614,250.8434679,10.60247829,7.048913325
9/5/2011,C,9024.333316,2.686074947,10.46110618,0.779886077
2/24/2011,A,12793.72077,1101.796884,15.17786495,90.33403004
10/31/2010,C,7624.812766,3.906495295,12.58948399,45.71578936
10/18/2010,B,9876.737768,786.644952,10.12586839,0.195259897
7/20/2010,A,7352.054827,32.91042777,7.998285048,0.030889333
9/19/2010,B,8808.20577,0.280894866,8.899612235,2.031054478
1/4/2011,B,9593.079132,88.13661385,14.73634799,0.28786435
3/26/2010,A,8898.416742,624.0837372,11.31152084,15.69574788
6/3/2010,A,12225.7017,449.5821678,3.016555898,1.106445462
8/2/2011,B,8630.930438,4925.12032,7.685296582,0.037879693
12/22/2010,A,8937.969184,29.63297663,11.50718224,16.04971801
7/29/2011,C,11243.06277,8109.495848,10.93571552,0.434004217
6/22/2010,C,15702.44507,1470.936607,9.024915893,0.95423409
2/8/2011,A,11969.06094,2126.706892,7.588091466,27.93077766
9/4/2010,A,9219.359996,1586.167969,7.944773806,1.128450059
1/2/2011,A,8779.47058,301.6725318,7.163090704,1.299603304
9/16/2010,B,10063.03568,49617.01777,10.18073301,22.05863125
6/16/2011,A,9052.733492,44.15779865,11.64799744,61.60599813
1/25/2010,D,9069.875893,102.2282565,9.437299092,0.47172722
1/29/2010,D,7743.137055,3596.359669,11.23198407,19.89625529
12/16/2010,B,10304.28748,6.061211025,13.67333305,21.57766375
8/28/2011,B,8090.452319,137.5313401,14.12121145,0.213498194
11/14/2011,B,6709.700092,1570.970565,7.084353381,0.224179966
3/31/2011,B,12256.27747,151.2924696,7.350272824,2.992929637
11/29/2011,A,9030.65072,3.530146335,13.42164658,0.113927511
10/5/2011,D,8537.5335,168.0667685,7.839052924,101.0382314
12/14/2010,D,6512.3426,12.78144582,8.670744354,0.377446863
1/4/2010,D,8941.233509,7.342357811,10.49901917,0.055528308
7/16/2010,B,13688.02718,8920.068416,11.68383428,1.797032174
7/22/2011,D,10038.48533,1.228659804,15.38901426,14.12701084
9/28/2011,A,6672.633101,194.8620014,14.56719477,2.723878357
10/25/2010,A,8661.270803,4539.456242,10.35642803,0.012997989
4/5/2011,D,9823.408951,194.7196803,14.22790101,1.695586925
4/17/2011,C,11246.84754,415.7306598,17.04277925,0.037471849
2/15/2010,A,7235.575392,22155.46277,16.06157294,8.54090705
11/17/2010,D,8785.526698,45770.96422,10.93574566,16.96268439
9/1/2011,D,12883.07277,1115.431954,11.02052709,428.0075743
6/14/2010,D,9028.587277,236.6487456,9.188624815,3.474462482
10/28/2011,D,9581.648436,6334.429309,10.83492859,0.052013827
6/13/2011,C,12095.4642,372.8391408,9.431818178,10.7820729
3/20/2010,D,10688.61407,4.304601163,11.91608626,0.009832312
10/11/2010,B,9946.155061,402.9796254,9.0894486,2.985504141
7/18/2010,D,7394.033816,42.37615246,10.95769893,0.03822459
1/16/2011,C,12897.18512,16.82703811,10.85661878,13.31205059
11/25/2011,A,10126.66503,21.39787613,9.946813845,2.610848197
1/18/2011,A,10736.86604,2.457489392,4.791384114,0.118725361
3/28/2011,D,11732.78392,270.9951107,10.86383056,0.546103367
9/1/2010,C,11398.76149,1356.610873,8.755044563,331.8211441
3/25/2011,B,11692.21128,3226.878601,9.860393544,5.007405143
6/17/2011,B,10788.19274,147.5534098,9.683866323,15.21513718
11/7/2011,B,12075.37551,0.710108137,11.38179173,0.206809363
2/14/2011,C,10417.58811,121.7376869,15.31317922,0.55970826
6/6/2010,A,9369.845659,15.77756414,8.072712458,0.197361644
5/24/2010,C,7212.271276,24.30636118,12.22767802,1.204924393
9/24/2010,C,7460.507271,361.7656562,12.45917424,0.220307808
1/27/2010,C,10784.11537,17.79447416,6.403438096,0.610194782
9/13/2010,C,9051.547871,43.34926225,10.31356649,39.57733922
5/28/2011,D,10006.70206,10.16472433,15.58591693,0.009191406
10/29/2010,A,8135.927482,1200.958793,10.47288517,11.9813156
5/13/2010,D,10408.7503,22.51059306,14.48923682,0.182459751
1/31/2011,B,11400.69195,1974.444364,12.32880415,5.688446979
10/18/2011,A,10383.29141,4417.792182,10.06487385,7.595915382
11/15/2011,C,10883.0575,80.9909608,9.693188413,47.10494077
4/28/2011,D,11129.25186,3460.097102,14.21137429,0.248511514
1/15/2010,A,10621.80518,714.1004227,12.62366315,1.286239288
10/20/2011,D,8027.426615,21972.00243,12.42759029,2.284395948
5/16/2010,A,11245.27697,983.8050346,6.122496641,25.23069303
7/9/2011,D,5451.406511,2727.514345,9.437179202,15.00909793
3/6/2010,A,9010.682113,73012.73521,14.64626106,0.230241255
4/23/2011,B,10245.1017,35132.15792,14.43570585,0.33206354
10/1/2010,C,10872.76306,21267.27927,6.958104863,7.074323376
5/18/2010,A,10044.00873,19.2719984,9.458724279,5.498760867
2/10/2011,B,11787.5361,1.651512433,12.6090854,1.842052216
10/9/2011,C,5377.889117,3792.46999,7.098432664,0.21270718
7/21/2011,C,8161.336678,3.924603541,15.67360612,0.015946325
3/8/2011,C,11594.7649,712843.4712,11.42956641,7.75654425
8/7/2010,B,11973.51307,413.6640169,15.62295501,0.075815033
5/19/2011,A,12246.83574,2119.130359,7.503544683,0.078160282
9/30/2010,D,8592.772385,377413.8252,10.8002115,0.618620387
3/22/2011,D,12713.45461,151.1815686,8.644367347,0.283228727
9/24/2011,D,13058.73922,5679.716679,9.977973327,3.820552424
7/5/2010,D,8117.289571,37.6957428,14.94698902,8.468125881
2/8/2010,B,12089.87029,21.18996278,10.45246083,0.024026159
10/30/2011,B,9124.322582,8325.252992,11.29665903,0.115499524
4/6/2010,A,12387.74679,34.99184691,8.722226653,4.930709994
11/8/2010,A,10704.36728,68.59271439,16.48496157,1.913403408
1/26/2011,A,9827.610316,0.468182596,3.812611231,0.372162673
3/10/2011,C,10426.23777,9262.51963,9.750797565,39.3080424
2/12/2011,C,8370.000205,111.1304236,9.542162304,74.99737363
10/26/2010,B,12068.16142,34931.06175,9.911835147,0.521375896
8/22/2011,D,7321.496378,2286.886688,7.575970615,0.415972767
5/30/2010,B,12980.89369,3.783693991,7.351587671,0.017364775
6/16/2010,B,9311.677656,8.25185621,16.80599566,34.82542628
8/26/2010,A,10333.55424,137.5841847,14.1380314,15.30783612
5/27/2010,C,11489.08424,29756.73342,6.13695689,7.97048455
8/21/2010,D,10060.53806,249.2061859,9.316828387,0.331719284
8/3/2011,D,6580.868698,7.028776254,5.412241453,10.96545963
6/27/2010,D,9823.055334,4.30600649,10.47009855,0.329695968
2/11/2011,D,9140.581753,1006.93589,4.215998993,9.475647765
11/22/2010,B,14186.61028,1604.928501,8.462289992,1.165898706
12/16/2011,A,11772.93042,46.68667989,8.014615232,4.342002016
11/26/2010,C,7862.900186,1.100018305,11.54470192,0.63129422
9/6/2011,A,9854.164361,15.13419216,8.610776119,0.25964667
5/1/2011,D,12512.76801,16723.81613,8.129381803,19.54723112
5/4/2011,A,6890.76958,5.447085808,13.65030082,0.205202867
7/24/2011,C,9308.789227,149.8090504,8.82850195,0.378270134
2/16/2011,B,11233.26873,131.3249213,11.49340879,2.86978993
11/20/2011,C,8653.384992,2912.700022,5.853455423,0.053742799
6/29/2010,D,11368.14273,8940.006832,13.32778912,0.034367397
10/2/2011,A,10986.23636,4232.513217,10.49138364,0.662979108
11/16/2010,A,7488.247518,31.32199883,12.76463182,2.097422174
4/27/2011,C,9801.654018,0.467920095,9.427636017,0.713116642
9/21/2011,B,9754.093301,129578.5248,14.18183412,0.08336011
4/24/2011,A,9225.23773,4.670050803,11.15333903,0.041832325
9/27/2011,C,8580.95108,601.8125061,9.027609363,0.570816176
5/6/2011,C,12224.12711,0.265365215,7.685248058,7.699259672
6/11/2011,C,9041.637442,11.47486894,10.78921539,0.04421912
3/11/2011,A,10799.53766,575.8744438,16.18454541,1.971172251
11/23/2010,D,6776.169083,0.016525513,8.161833346,1.652333658
5/1/2010,B,3983.648544,23.24765891,10.68572845,2.245694973
10/31/2011,C,10422.53257,61.19770407,9.73314109,0.046493466
11/29/2010,B,10259.59727,7933.785974,7.46328312,0.226672277
9/14/2011,C,12200.43834,1285.12023,15.52449649,0.10583039
5/3/2011,B,11096.2099,1680.073876,14.39306565,0.056889403
4/9/2010,A,10791.17677,1.369723824,9.504740655,9.90569972
6/25/2011,C,9837.462852,498.0198207,12.61675221,7.73555815
10/29/2011,B,10359.99558,931612.5416,9.20490055,0.427666995
3/5/2011,B,9673.57188,4.416921459,10.51534709,0.025649223
12/27/2010,D,11086.51225,1740.315384,13.26717761,0.292483999
11/1/2011,B,12772.9711,102.4853536,10.20516004,6.912480082
6/22/2011,C,9251.467702,246.774143,14.83755471,4.118477581
4/8/2010,B,13395.21023,8205.605017,9.336177099,1.100049585
12/29/2010,B,11551.06279,20.85887015,4.938031997,16.37446224
6/8/2010,C,14191.89103,21.50029351,15.73450709,0.057929541
2/25/2011,D,11285.10268,9691.512305,4.781592575,0.048772272
10/22/2010,D,8182.070567,163.6181436,15.11997002,0.232315534
5/14/2011,C,12571.02511,4.716844859,14.21673622,0.492129749
1/28/2011,A,8487.542411,0.068398028,8.040851165,32.21316345
3/1/2010,C,10212.34299,16242.02595,11.72474493,2.121909454
8/17/2010,D,8783.852637,227533.5031,5.910755214,0.281146794
1/30/2010,C,9815.263983,15270.74451,15.42381999,1.538529661
6/30/2010,C,10990.36692,103.4333018,13.68893575,0.453145626
5/22/2010,D,10337.46011,28540.31134,7.593392383,0.309835492
6/3/2011,A,9987.442732,98.17985446,9.261603892,4.631853446
12/1/2011,A,8930.347683,274.6706005,11.06487542,5.785602467
5/24/2011,B,10435.38446,7.225383528,8.123638776,0.705643964
11/3/2011,B,7529.130251,108.9552393,12.99392964,0.154715218
5/22/2011,B,8991.242563,521712.9751,7.929018821,5.171164041
1/27/2011,D,10867.35464,162.6321846,12.12602571,0.174590846
12/12/2010,B,9311.892635,11.20413226,4.03230112,2.475256379
4/7/2010,D,8046.162009,150.6730773,12.73298609,6.116478759
3/12/2010,A,9940.009812,263.0382366,7.770302316,0.919340337
10/15/2010,C,10972.93354,1738.125649,14.63132947,0.078290926
10/8/2010,C,11333.86231,401.9608426,11.53015636,45.22977018
11/16/2011,A,9203.980177,110.1104769,9.926558021,11.28879958
5/6/2010,A,9061.80679,355.5694547,11.33238966,0.074784566
1/19/2011,C,8454.005934,1.092884405,7.868696291,0.311953106
5/2/2010,D,9910.302294,115.6457575,13.16782053,0.811017291
10/15/2011,B,10410.30983,2.362475064,9.173697919,0.232607801
7/3/2010,B,7297.917384,4844.933693,9.269633673,3.064977989
7/8/2010,B,10473.58777,23.88461438,11.60121566,0.057953992
1/6/2011,C,7593.076447,295.2886973,9.426359068,0.267409019
12/20/2011,C,9194.596489,2.269320658,7.356315833,2.120994425
8/5/2010,C,11452.81474,2227.547191,11.12967226,3.380009575
2/9/2011,A,15227.79932,11799.09761,13.22931296,0.055250654
9/13/2011,D,9618.853561,920.1989368,10.7552973,3.457504796
4/10/2011,B,10796.06806,22.28485491,10.27030596,35.22485609
2/19/2011,D,6483.713429,1270.604607,7.729555029,0.285368944
8/19/2011,A,7930.342923,40.08409227,10.65817509,1.356563641
7/10/2011,A,8443.101117,72.26691655,9.456659881,0.957133391
10/20/2010,A,10065.0014,198405.6812,9.00254814,0.698779951
4/18/2011,D,9560.771456,1805.740895,6.260651116,4.967087538
3/2/2010,D,11032.7275,0.548586888,8.933867833,0.672812327
4/19/2010,A,11990.93071,884433.617,9.722141539,0.290944994
11/6/2010,B,10337.27165,65.84167015,14.4788419,0.055084893
9/2/2011,C,8032.55676,11.58653112,8.698905288,95.59513228
7/1/2011,A,10999.3919,956.7674441,10.54440309,0.24812844
2/12/2010,B,11200.4811,94.68843682,9.204979037,0.173153007
7/30/2011,B,11042.53329,10.59395053,10.40885046,1.330724769
3/9/2010,B,11089.07795,552.9189448,9.319106871,5.949377113
4/22/2011,A,7296.586422,170.9030275,9.376752618,1.324725556
5/17/2010,C,12068.93901,29.1351875,9.671946983,0.994858699
5/8/2011,B,8796.827973,2370.288073,6.91924537,0.46431827
11/15/2010,A,11203.60294,6582.472919,6.968249376,0.239472711
6/9/2011,B,10637.57749,57.71528789,12.07520314,4.801607184
3/16/2010,D,13039.92381,1178.664561,15.35676932,0.471255113
8/7/2011,C,9720.071551,242.2224441,9.283306786,0.25765654
9/15/2011,D,9339.257779,7110.25661,10.60374022,0.694849
3/26/2011,C,10962.10228,8.111481092,10.04143373,0.108863626
5/20/2011,C,10871.73454,10028.40816,10.24113333,23.19604237
6/15/2010,B,6169.916291,61455.68474,10.82642417,3.371902538
4/16/2010,C,11430.16577,739.5243063,9.416176069,0.071580268
1/3/2011,D,11893.06139,3226.06027,11.44026589,0.428212116
4/21/2011,A,12341.19576,26.81494623,6.451604821,3.246235538
2/22/2010,D,5617.173433,387.438052,8.43393992,0.016825563
10/10/2011,A,9709.365664,1286.437957,7.451624926,5.571459683
2/1/2010,B,9391.156275,1507.521317,15.49046137,0.887255947
6/25/2010,D,10207.85271,767.8092445,9.677490329,0.866837515
4/16/2011,B,6986.1142,1.953823282,5.753906212,0.193486711
2/18/2011,C,9822.783476,0.528263241,8.608469703,0.118817714
4/14/2011,B,9906.88988,55.20722845,12.4124148,0.130060574
7/26/2011,C,9621.455672,148299.9551,8.290349575,2.573689456
9/14/2010,D,12906.7487,9.206187718,17.14683013,2.630930038
12/8/2011,B,15321.57904,7.085068384,8.202646403,0.065017946
7/5/2011,D,11080.79992,35336.49086,15.35497036,2.814201823
6/18/2010,A,10872.58033,625.3920514,13.7267814,0.393940529
6/11/2010,A,10501.07632,37.04741656,11.71510628,0.774657812
8/30/2010,A,9634.287172,65.55320023,10.32253834,0.01286463
12/5/2010,A,8906.987833,32664.85256,15.17034172,0.322156763
10/19/2010,D,11652.68595,1795.046337,11.63861202,4.430790681
4/14/2010,B,8479.250736,53.08253891,15.52793656,0.277586004
2/17/2011,D,15842.94523,2.590678183,8.371037515,1.360757307
12/28/2010,B,10698.69405,9127.574563,7.531838656,1.392087295
9/27/2010,A,10269.97848,50.33622323,10.84359312,1.357357157
4/28/2010,A,8061.713111,36.91591245,10.12641482,0.111660545
10/3/2010,C,8421.666835,9.727923812,10.8568988,4.538817483
7/30/2010,A,13724.25337,1721.66067,9.134212473,0.843852964
5/23/2010,B,11139.05936,19.10027218,13.91977838,21.1087238
12/19/2011,C,10486.63612,6351.142663,15.19499444,1.159686764
12/1/2010,A,9367.707518,14478.52297,7.132088991,1.014035466
1/23/2011,B,14013.95658,54.27512609,11.35778915,1.696411133
9/28/2010,C,6936.206886,26805.6027,14.39848301,0.045368581
7/13/2011,D,9124.603393,52.06633152,6.198710231,15.287431
10/10/2010,A,12450.94891,12889.74263,11.69019248,0.10647007
7/15/2010,D,10160.15517,10.93037263,9.884851804,1.086488017
9/12/2011,A,8598.039038,84.74532894,8.77679449,0.033549186
6/19/2010,A,10396.88762,1198.621787,11.05091691,5.458221905
6/4/2011,D,11713.59346,1244.89681,14.58206772,0.103507697
4/4/2010,C,12061.95383,293.7822459,11.95670059,1.595500573
1/22/2011,A,7696.009818,75412.15661,10.19893758,6.247482694
8/27/2010,D,12740.9459,0.613939424,11.59505006,4.033020923
3/23/2010,A,12310.42142,574.2583673,5.248528303,0.025001965
9/18/2010,A,10125.22944,342.5579948,8.99369763,0.120804679
1/10/2011,B,9365.320404,3778.902438,9.263715474,0.105437067
6/26/2011,A,6170.888947,2360.585067,9.870982237,0.020884151
1/18/2010,C,8322.861697,3911.524774,10.37929969,2.935374733
3/21/2010,A,11804.33805,29.18099928,5.025581368,4.658650418
11/30/2011,C,11587.14674,27594.49454,6.967673421,1.294977043
10/7/2010,C,7940.018633,66862.09433,12.75930898,2.761647995
8/9/2010,C,9124.872337,1096.80117,9.557704095,1.270848339
7/29/2010,D,12026.06787,6.07785825,10.38631009,3.15043618
3/4/2011,D,12759.11571,164484.8504,12.40448208,0.209286881
8/10/2011,B,10478.05156,578.2718274,8.202824143,0.100354508
4/20/2010,A,7837.852801,4189.601763,12.43143864,114.3806419
4/22/2010,C,12592.83759,1168.748443,12.74069228,0.626815804
2/7/2010,C,8655.516656,615.0038717,8.434100635,0.115083594
12/17/2011,D,11723.722,7803.846168,7.055375264,1.183802374
7/19/2011,C,8343.722474,2898.174091,9.403742186,38.11555862
5/18/2011,A,7200.191669,6051.271542,10.07362069,0.766359054
12/8/2010,A,9280.062438,164.668853,8.273375775,0.296919128
5/11/2010,C,9876.025174,52904.32707,10.47520872,18.75822789
6/21/2011,D,9988.486788,506.3386412,6.737447584,1.597866179
4/3/2010,A,12684.87992,58.16236245,10.64310206,0.004006425
11/12/2010,C,9458.908784,200.2844093,11.83022318,1.695247445
6/26/2010,C,6132.481011,2144.468955,8.868574765,0.078248066
12/12/2011,D,12017.09535,412.0946729,11.43109474,10.32719518
11/19/2010,C,10341.52337,1605561.181,8.696374142,4.038143671
5/31/2011,D,9036.704942,0.94452982,9.177261212,27.76636159
2/26/2011,B,8463.39824,46.54742644,10.42597938,0.192294651
4/3/2011,A,9586.06415,8021.351202,6.506162049,150.4628987
3/28/2010,B,6126.570037,36.98660843,8.884579525,9.059726334
12/19/2010,C,13549.80242,476.0239729,9.437366995,0.079175296
7/28/2010,C,11234.74815,7.698301415,10.96207856,0.073368508
11/30/2010,B,10431.59464,65.00582687,11.60175799,54.55437014
1/7/2010,D,12253.57565,12.91215262,8.155630669,0.319119079
6/24/2011,A,10166.27634,553.3704899,6.380417082,1.81939741
8/6/2011,C,5932.22619,6.277498974,13.48080981,0.031194409
2/16/2010,C,9300.654783,30824.44119,13.18261705,2.755039782
9/19/2011,B,10258.30443,133.8089206,11.21865376,3.895748024
12/10/2010,B,11182.73826,34.65016873,5.424960826,0.144253579
8/6/2010,D,7670.414372,2385.868674,10.79275104,2.726111153
6/9/2010,B,7922.17169,3970.518435,10.86302901,3.813640178
7/15/2011,D,7688.121345,1043.901735,16.75486012,0.881688714
12/18/2010,A,10863.89705,50.06268089,7.234023498,0.192756501
7/13/2010,C,8399.869339,142230.8325,4.039372524,0.598709643
1/1/2010,B,11987.67408,22408.30354,8.470959196,0.208919209
2/6/2011,B,11951.33948,1046.535402,7.078055892,9.530200548
4/1/2010,A,12165.40492,323.2023135,3.130786711,0.806027556
3/3/2010,C,10105.25382,333.0326636,7.752736589,1.009711695
9/22/2010,A,10582.74571,92.16138759,8.66069531,0.057879046
11/1/2010,B,9772.435416,445.3667048,10.21680149,0.767120782
3/29/2010,A,11463.158,7660.816446,5.112893092,0.813729667
8/1/2010,A,11763.77706,51604.33315,13.1585505,535.0179843
9/9/2010,C,7530.128458,2090.923012,7.899986661,1.429383006
4/30/2010,B,9322.218863,5.286977358,11.80564355,6.403866224
1/16/2010,B,9631.777791,18.25589929,5.560718223,0.700521692
1/12/2010,B,10404.26376,9150.848422,10.65388623,0.43280183
1/21/2011,B,10987.51198,70.67698913,9.680307083,0.563348964
7/8/2011,C,7662.593691,3.629685556,4.626619225,0.288437246
1/11/2010,A,12189.51467,14004.77621,3.721033578,0.067777928
12/6/2011,D,13238.07977,251.4086313,9.988595328,14.46757775
9/2/2010,C,9691.416902,9207.805219,9.132736611,0.37559724
3/4/2010,A,7750.647403,2.829431541,7.783682274,55.07765714
5/23/2011,C,8000.678335,213.2403139,11.78707501,15.24815781
2/23/2010,B,10323.92236,799875.4516,12.44374586,1.065037969
2/9/2010,B,10037.54319,76.74308312,10.11134831,0.013061279
11/28/2010,D,8288.744027,627.085198,14.304619,4.96522109
6/29/2011,C,9469.394209,6.753614142,11.7496741,0.340841827
1/24/2010,A,12494.66057,25.33474794,9.498038875,8.153495786
12/11/2011,A,6548.909027,98.79521836,7.281615618,0.423926165
10/27/2011,D,7559.399778,57.98791607,10.33156363,4.67515464
12/24/2011,B,11414.06165,498.1162256,7.833487591,424.9988186
4/9/2011,C,7508.461757,395.5178249,16.93427968,9.175291525
12/30/2011,B,11491.30431,1948.400552,9.762180505,3.666130614
5/25/2010,B,13236.2706,15290.00089,9.340408088,7.255197194
5/7/2011,C,12116.71771,123.1140705,8.825844246,0.00569298
9/17/2011,D,8394.155519,123137.0307,7.555726762,7.659477513
4/4/2011,B,8113.364256,101.1488832,5.361147416,0.755711158
5/2/2011,A,8754.887927,11832.46798,13.97796596,1.991337204
11/11/2010,C,9833.067207,0.37400767,9.470549149,0.072607655
10/5/2010,A,10927.00597,48.80207614,7.913057843,0.183526306
9/4/2011,C,9684.660732,18.68446595,7.031993587,0.307814336
8/24/2010,D,10884.64744,115165.2103,9.322358794,2.7141684
7/7/2010,B,14695.69355,2324.019993,8.54062778,0.458995295
8/11/2010,B,11530.67896,28.01837397,9.733108577,0.494389134
12/14/2011,D,7232.412965,1372814.78,11.99275017,0.959170343
6/1/2011,B,11073.87521,869.4287852,5.322901064,0.034221041
9/16/2011,A,6974.727487,18.62601055,11.61180961,0.420965999
3/20/2011,B,9935.858338,15.27656038,8.46078532,4.090644808
8/12/2011,C,9725.853493,1.477025599,7.340452837,4.05881493
10/2/2010,C,10518.02895,2930.510349,9.319728677,0.053620953
10/23/2011,B,13187.10664,4312.769036,14.31040713,1.845693325
2/21/2010,B,10977.6285,3.365497518,8.813207543,6.562808301
11/27/2010,C,8273.110456,1196.715749,8.263547891,17.50556558
9/9/2011,D,8438.431622,2718.913936,11.28754913,0.823940827
3/29/2011,A,9593.543399,250.567589,10.82728859,1.071579748
5/3/2010,B,9388.593475,18.73143392,6.877145013,1.539769552
7/3/2011,A,9800.790921,119085.4426,15.43468901,11.19398784
9/10/2010,B,10702.45866,6443.153561,12.67076646,1.679549301
11/27/2011,C,10061.77025,1211.723454,18.04832505,4.096421927
9/30/2011,A,9524.456847,487.4109877,9.609394784,0.095892118
5/16/2011,B,10034.45884,9.172092781,8.962700174,1.198659478
9/17/2010,D,9232.168583,1825.861363,12.95312589,16.55140406
1/20/2010,C,10754.85557,159.7111659,6.675123791,0.263386678
5/27/2011,B,10132.83521,0.835679752,9.499634155,11.60027944
6/24/2010,C,6313.462696,1.806619925,12.35330665,0.141753888
8/16/2011,D,7241.112054,2426.665712,16.72609628,1.221661108
1/10/2010,B,10428.51634,193582.0232,9.683765129,14.55633602
7/27/2010,D,10822.27885,5.051025755,9.321209461,1.065730287
5/25/2011,D,7966.257028,397.723669,11.58288088,0.056070755
2/27/2011,A,11738.93635,58385.66838,11.79935236,6.329104029
7/25/2010,B,10706.1343,2.972369917,9.131964564,1.82636064
12/23/2010,C,11510.63329,7470.082321,17.48694221,35.8738473
6/6/2011,A,9872.33581,15.32750206,9.380942126,0.362095781
1/19/2010,A,7028.098549,60.46681158,3.738325314,4.164454904
10/24/2010,C,9107.265165,2757.092376,6.231256419,0.659636515
9/20/2011,B,8201.84782,50.61255139,11.39576679,0.136059185
12/30/2010,D,12853.17392,3.348340566,8.840466178,19.71983601
12/21/2011,D,7124.175905,2.398284362,7.226987808,0.004294482
1/11/2011,C,8064.418889,16.38393837,6.586526479,0.02196199
10/11/2011,C,8024.945043,33.75740241,12.23508274,4.314132748
10/13/2010,D,11986.13194,17633.34993,10.43268668,1.963901339
6/23/2011,D,9578.122542,2721.930659,7.426019902,0.07916281
3/7/2010,C,12814.08858,718.7381271,12.53694842,10.07806198
3/17/2010,B,7348.235795,63.31168198,14.30653667,0.27003033
2/24/2010,A,11996.04282,585.0146681,12.01636581,0.604236814
6/15/2011,B,7933.829315,17794.10958,13.40000661,0.191922713
11/7/2010,A,7960.018892,11.80937125,12.06864458,3.422067376
10/12/2010,D,8393.8827,2.934268371,7.010067678,5.107753662
8/8/2011,D,9613.89964,710.378165,7.964637238,0.100401245
4/21/2010,A,6188.282689,662122.2404,10.21267493,0.133295197
5/8/2010,B,7634.739963,1011.675263,8.174570408,0.042457261
2/25/2010,D,8244.764863,3197.687946,7.989569264,0.715732616
8/9/2011,D,13922.03958,18450.02616,8.514532986,0.030696562
1/8/2010,A,10512.58223,2902513.331,7.993706673,159.147803
7/7/2011,C,11353.80895,257.6504595,6.024307924,0.014150897
6/1/2010,B,10352.37581,42143.29934,11.37868339,0.260769487
5/30/2011,C,11696.7804,157.6842504,6.318303107,0.002739808
3/10/2010,D,9223.495809,12.00035457,10.95675314,0.116090858
8/4/2011,B,8939.120095,132.2010783,16.17201525,113.4844658
10/14/2010,B,11239.56689,2581.52112,7.774860698,0.223983169
4/24/2010,B,8750.416257,1946.642246,4.409773534,320.5822568
10/1/2011,A,9138.825936,60475.1552,6.033534301,0.030357717
7/22/2010,B,10301.86188,51.20464709,9.376586175,0.29771778
6/2/2010,B,10944.39672,19.10524882,10.6794129,2.401874488
11/5/2010,C,9777.98543,266.3462514,9.739598443,0.815408072
4/12/2011,A,5996.530454,92.69817612,13.15965926,0.194024974
3/22/2010,B,6952.951649,2929.1358,6.435049712,0.112444148
12/31/2010,A,10815.27982,0.92533305,8.72323879,3.008689577
10/4/2010,B,10285.41097,4.20683006,10.253198,0.309950314
5/10/2011,A,5961.989721,235.772338,9.288818618,0.444650778
3/14/2010,D,13987.08862,42.08364001,3.82492469,0.43045496
10/26/2011,C,6228.978284,3470.339672,13.84707078,2.173364318
5/31/2010,A,9532.64187,19.20791163,9.933772501,2.901379509
8/29/2011,C,10283.39793,898.5457889,5.567937066,0.102123081
8/24/2011,D,12464.97631,589.3452125,9.322031022,30.21724152
4/15/2011,A,11990.9474,2.543767953,8.675431313,0.002806107
11/24/2010,B,5843.955906,155.1991527,6.829942877,0.143731045
2/26/2010,C,6995.07852,158.9454551,10.07001354,2.655873412
12/20/2010,B,7819.336532,165.4984433,12.13074471,0.258723673
7/14/2011,C,11716.17413,1135.532766,7.402937065,0.280285129
8/19/2010,A,11266.36202,55.89018922,12.45718043,24.67036057
7/28/2011,A,11583.92146,958.2856322,9.192522324,0.287159741
1/17/2010,A,11312.30731,1803.38473,14.67015146,0.086304108
6/23/2010,A,10035.35995,73.27536996,8.836746062,2.767662047
12/7/2011,C,7609.377994,859.0855982,8.495938086,0.085776084
11/2/2010,B,8745.271468,3892.050424,11.91113536,0.005096368
7/31/2010,B,10584.1965,119.5516573,10.90723432,3.243965469
6/13/2010,A,12618.48232,729.8685739,14.64420879,0.717040996
6/20/2011,B,11609.3527,1.994917104,6.820589749,12.00275383
5/26/2011,A,8850.133669,1.47380845,11.78464802,26.79926725
7/11/2010,B,7858.285488,6.990746079,11.01410304,14.95588949
6/19/2011,D,11869.67596,2146.374988,11.08838975,4.276646532
9/8/2011,C,11716.69834,149692.4842,12.59716408,0.396881631
11/5/2011,D,7101.379422,167.7370256,12.13428813,43.06662117
12/13/2010,C,12286.0041,9.111567094,15.18638855,0.534032987
10/17/2011,C,10283.17853,20.62109167,9.91582112,0.267639212
3/11/2010,C,13613.72912,11.14023879,10.17244446,3.482530965
7/1/2010,C,6502.506867,24943.3883,8.174389359,3.036588254
10/9/2010,A,12067.0852,2770.988373,15.97960119,3.694442831
11/10/2010,A,11023.72359,10.53329374,4.913556182,0.663267129
8/13/2011,B,9971.834179,12.0171427,10.93591407,0.259260879
1/3/2010,A,7644.526342,465.3291471,8.002244756,122.1579466
6/10/2010,B,11836.59998,12.94256194,8.177509903,0.013237375
1/14/2011,D,10703.9969,103685.4736,5.016033512,0.203875341
8/11/2011,B,9529.956692,1853.538785,6.643784366,1.907926924
12/2/2011,C,8619.341156,47.91130617,6.20739025,2.598078001
11/24/2011,C,8834.100712,20.39193146,10.80961454,0.589820448
5/28/2010,A,8575.955144,3464.67384,11.17797206,0.524321508
2/3/2011,D,9212.117622,49.56279261,10.74933039,4.307066082
11/28/2011,D,7799.979109,159.4311739,10.64162274,18.74698411
1/12/2011,A,14809.36643,3947.410828,7.32051469,1.000159952
1/21/2010,A,9738.578414,398.3361759,8.792312984,2.97380101
5/13/2011,B,8736.35732,16.93971215,9.428238765,126.2731388
1/13/2010,B,10862.74951,130.9625945,6.163055157,1.548058973
7/25/2011,B,11997.49192,74.36082309,6.422546566,0.06757899
7/4/2011,D,10803.15806,21.00943314,6.872411582,1.370928851
5/5/2010,B,11683.47371,112313.5113,7.158077252,0.939263055
2/2/2010,A,11109.59875,0.027853696,9.430617581,24.96576912
8/20/2011,C,9662.023814,1211.48353,7.956380028,0.097996722
2/20/2011,C,10454.3679,46.57868709,9.137120955,4.25189443
2/28/2011,D,7648.903365,543.3809843,8.17579332,0.257063031
4/27/2010,A,7739.858403,470.3189795,8.944310953,0.185979554
3/15/2011,B,11736.6271,208.7634358,12.68107665,0.081211247
9/26/2011,A,8940.097391,120067.1673,11.63103716,1.113203748
3/16/2011,A,11726.6505,2595.764161,13.31431875,0.081565671
3/18/2010,C,9362.519076,9.873568422,10.20409326,15.47892563
3/15/2010,A,9598.947051,2.324568632,8.71215499,0.415992578
11/9/2010,D,8827.239492,11766.91171,13.3776201,0.259142155
10/6/2011,A,10467.22332,0.517947032,10.22815154,1.347651139
7/6/2010,A,10930.18116,10.27876648,14.87375194,0.614665516
5/20/2010,D,9975.90741,17.7218686,12.41914522,235.6644052
12/3/2011,B,8095.344054,193.6713847,9.627526085,82.91611657
3/17/2011,D,8698.922202,5.120897824,10.34104548,3.29144307
4/17/2010,D,11035.27124,2760.533234,8.316758945,0.063729058
3/2/2011,B,7117.280094,2.253546022,7.024994106,41.03757576
5/29/2011,B,12743.80242,169.3789344,9.207999135,0.248113956
7/12/2011,B,7770.813854,100.2652867,7.390209222,0.163328586
8/23/2010,B,9610.83002,0.158819912,12.11246222,1.320379773
5/26/2010,B,10192.09192,302.4683266,10.88260426,251.9377788
11/18/2010,D,14362.16847,206.9839939,9.280831934,9.084766712
8/21/2011,D,10710.89535,22.20258812,10.95722291,9.254758291
3/24/2010,C,8710.484769,2479.650913,10.12624128,6.493681409
9/12/2010,B,9469.875503,28.86394839,8.3088979,0.658615225
9/26/2010,C,10672.87646,107979.9218,9.246695551,0.866874606
5/14/2010,B,14417.11952,102.2784618,9.856839183,1.958691052
12/7/2010,D,9686.954408,3741.331818,7.184737331,0.401381293
9/22/2011,A,9602.477663,38376.39046,11.76616337,1.273633407
1/24/2011,D,10227.26438,1235.06023,4.515825779,0.116997528
6/5/2010,C,8712.922786,3313.302375,9.554008208,1230.284808
7/18/2011,B,7815.280074,4186.960398,7.971944421,0.244395826
8/14/2010,B,9034.870156,12.64235801,13.64642039,0.752317952
10/8/2011,A,11340.3273,165.2399153,12.03626587,0.305946439
8/2/2010,A,11420.44313,4.064066192,7.31179675,1.447462872
10/17/2010,D,8152.407249,176684.1537,7.824944681,2.330614535
8/1/2011,C,10625.06165,3510.344635,13.13648804,275.7158686
1/1/2011,D,12212.54808,186.1561508,11.78608227,0.047229022
3/25/2010,A,11892.64258,165713.8985,8.269248886,0.296727487
9/20/2010,B,9963.136564,1.366989186,10.14361194,9.813290333
2/17/2010,C,10320.25499,129.2526887,8.123179637,1.535125691
11/8/2011,B,9614.975138,1902.454783,11.49440556,14.9356923
10/16/2010,D,12968.09292,5760.15171,5.8626664,0.055987782
3/1/2011,D,11593.82179,3.288471286,11.56369228,0.004391508
12/25/2011,B,8594.349434,0.907111611,18.37588335,0.022097545
11/6/2011,B,10705.09417,155.290739,9.919143397,0.184223044
4/29/2011,A,7729.331781,4001397.477,15.52017287,0.702580217
1/22/2010,D,12892.98646,51.94234242,7.735740736,1.347196916
12/25/2010,A,11720.50431,249.5933694,9.935626001,0.021934028
6/21/2010,C,11821.2412,24.39751361,5.340641012,1.917311692
12/2/2010,A,5613.314784,1022.755827,4.346744765,8.724594877
9/6/2010,C,7667.100861,18.48830253,14.74888831,0.029194414
4/13/2011,C,13565.47835,6.920307273,8.298495269,2.860293715
7/2/2011,A,10320.79647,328.3755974,8.157984596,2.233644072
4/6/2011,B,8604.350903,4940.417853,7.962579906,0.557622846
4/25/2011,D,9144.700326,1901.579391,10.21869762,0.050959444
5/21/2011,C,11722.48874,8.625963558,11.47553462,228.740869
7/23/2011,C,9498.297619,16990.02292,10.53931927,0.171913393
8/29/2010,A,10397.68209,1.021348158,8.064513239,0.079731722
5/9/2011,C,11089.21704,2.497765338,7.157737996,0.043529016
6/12/2010,A,4358.175119,2.212781432,11.18838733,1.328637699
5/12/2011,B,12389.94557,0.267212874,14.66225858,2.965939864
7/19/2010,D,10151.97867,3915.475505,11.48376759,0.038140164
4/1/2011,C,7833.437356,42.1627573,8.659710196,0.711346429
9/5/2010,A,9344.857262,920.9354939,9.703443558,2.563308688
2/13/2010,C,9367.458484,42463.64602,10.01698568,5.263511185
4/19/2011,B,10699.63108,14.65480774,6.218048195,0.202965876
6/4/2010,B,9645.343571,1.34619143,6.808080764,0.131389734
2/27/2010,B,8846.458824,19721.32144,10.70743468,0.107500911
9/23/2011,C,9523.594548,3.770055316,11.05543222,1.299668766
8/25/2010,C,9904.059859,250.9827513,11.64500154,16.48705995
7/4/2010,C,13880.12385,0.351588247,13.8955432,0.704640315
5/15/2011,B,9492.870389,42.22077895,13.56353986,49.46662605
6/10/2011,B,12981.82438,5622.626406,17.53821446,7.683220017
4/12/2010,C,10750.1914,12893.43106,7.19320589,0.062848278
2/6/2010,D,10413.54314,781.1058209,11.855878,0.685360848
7/17/2010,B,8762.706418,54.70813242,8.352078194,2.699326373
8/20/2010,D,9707.297009,14950.35187,7.139773076,1.089998767
12/15/2010,A,10337.61476,2786677.15,12.83033671,0.142301939
11/4/2011,D,9834.158447,11815.67979,13.10438121,0.030633811
8/31/2010,A,10395.44072,417.9445042,10.36940302,0.192795864
8/13/2010,B,11119.04981,1633.674961,8.539883853,22.45186612
12/4/2011,B,6922.024153,814.5694467,10.64917787,0.868853399
6/17/2010,A,9421.936053,1458.699665,13.27192125,0.139827917
2/18/2010,C,9228.463427,540.003246,8.530811438,3.512495116
10/30/2010,A,10965.92229,26450.77199,9.543302834,1.267237318
3/24/2011,C,10972.19979,116.9387056,7.337387003,60.54658116
4/2/2010,C,9632.10046,101.4403062,8.959040804,0.253405572
10/23/2010,D,8748.352398,383.6683011,11.8750942,5.090550331
4/18/2010,A,9321.336924,45.04224867,10.54396076,32.22130564
11/3/2010,A,8414.864948,38.51436243,8.754931508,1.07819973
4/29/2010,C,10741.93287,9.081128969,8.832818322,3.741642078
3/13/2011,D,11412.47348,0.102989999,12.57865082,1.557693251
12/13/2011,C,7018.116062,0.292799995,9.344840182,0.021291218
3/21/2011,D,12884.26169,398.9832454,8.494710379,2.292579335
10/27/2010,C,8134.29766,0.671334933,14.41753903,6.407278969
7/12/2010,D,9510.949879,91.42536494,12.97187134,0.343752763
7/9/2010,B,6593.759247,917.3127432,16.40693138,0.544602582
3/18/2011,A,8453.811113,5.661314429,9.095946225,1.425796287
8/18/2011,C,12045.65303,5083165.361,10.0483236,7.61147712
8/28/2010,B,6808.558492,1.643434242,12.54922197,0.014201919
4/30/2011,B,6389.972394,13.91853437,10.82151279,0.412954439
4/8/2011,B,9314.859453,1490.103722,13.77877346,0.722612359
10/25/2011,A,8863.235647,527.6301599,12.11179666,0.065651791
2/15/2011,C,14157.40576,279.1419904,15.69792704,0.234218648
10/21/2010,D,8798.302887,180.2366395,9.92359582,3.516700143
6/7/2011,C,10187.55672,1675.705265,9.798362314,1.249603402
2/10/2010,B,11875.52913,580.4612585,11.96300734,59.20438002
10/22/2011,B,11869.3322,221.9253079,15.25438114,0.436486757
1/17/2011,B,8015.277465,2127.850727,7.868662273,0.102413203
7/23/2010,B,9363.526558,1.037965497,12.27555613,0.054167943
8/27/2011,D,11175.07776,1109.322316,9.009762312,24.38447787
12/6/2010,D,7899.189197,106.8585968,8.323682617,3.865545655
10/12/2011,A,10362.8442,25.7354026,8.402633604,0.240233705
1/26/2010,D,12684.10194,20832.39101,15.25090451,24.93741513
8/15/2010,B,10969.37587,11.22511175,4.631294156,10.20247941
11/11/2011,A,10268.30061,48.42835908,6.784662364,0.042911101
2/7/2011,A,11313.90683,2502.393432,10.06762469,0.248825238
12/27/2011,B,8005.466477,2.514719751,5.91447566,0.07442487
3/6/2011,C,8240.335846,1872.905437,8.952486005,76.7511165
9/11/2011,D,10632.57355,127.4033415,2.5327564,8.952109674
3/5/2010,D,11886.09575,42332.7519,17.80546767,6.068018657
5/4/2010,C,15022.27044,159.9207957,8.862559976,3.677699897
9/10/2011,D,7759.824352,1268.221769,6.528539802,2.55893143
1/9/2010,B,7562.961384,0.382898516,6.267604504,1.813326231
11/22/2011,D,11595.49548,1236.900284,13.37753674,7.911993202
12/17/2010,D,10458.17637,1194.537577,13.64284176,0.042921704
6/30/2011,C,9186.135462,43.80955583,7.69975084,9.676513316
9/29/2010,A,9416.177819,932.3096301,5.776221402,121.6312581
4/23/2010,C,8224.090522,13.67545048,7.580966784,2.885778145
2/3/2010,A,8247.484724,11543.71351,18.46429574,9.27631838
1/14/2010,C,7536.367682,320411.394,11.28048218,3.211240398
8/5/2011,A,11964.40094,2015.095545,8.731312608,0.153557033
1/8/2011,B,9047.899533,19.9909802,9.791591483,0.147336267
1/20/2011,A,10603.40263,4.978871453,12.09029334,3.407522762
2/21/2011,B,10295.9556,7175.781848,6.394761667,14.57870598
2/13/2011,D,8491.822046,525.9326351,4.295773325,97.13029759
6/14/2011,B,11457.68636,7.866970566,6.558132309,1.218498252
6/5/2011,D,11304.52591,166.1940385,10.34248305,0.315980238
12/29/2011,C,8686.960212,64469.87451,8.433492404,1.689465796
1/29/2011,A,10078.44068,84.79161398,6.309193884,81.29116773
3/31/2010,A,12499.35964,135.9092143,5.124276379,0.092810455
1/30/2011,C,10156.65853,115.3973421,4.158989223,0.343721104
3/12/2011,C,6137.847308,166.9829167,11.05563436,0.265100583
6/28/2010,D,9577.137473,2.279116738,20.95028333,0.329540034
3/23/2011,D,14599.40018,596.0659404,5.901993927,0.03478182
8/23/2011,A,10468.80393,55.9880995,7.002943144,0.123094786
2/5/2010,B,9622.636274,3664.902891,10.73357285,0.088266433
4/20/2011,D,11322.74597,125.4572949,9.042537438,10.48185936
4/10/2010,D,7800.328342,25.16109204,9.410972033,4.82462648
11/2/2011,C,7109.432609,47484.73318,11.814395,7.098398027
